downint_o,kirkgil_o,brodst1_o,hnzsctt_o

Block: 33-----------------------
19:15:00,19:21:00,19:26:00,19:35:00
21:15:00,21:21:00,21:26:00,21:35:00

Block: 34-----------------------
20:15:00,20:21:00,20:26:00,20:35:00

Block: 75-----------------------
22:30:00,22:36:00,22:41:00,22:50:00

Block: 103-----------------------
07:15:00,07:21:00,07:26:00,07:35:00
09:15:00,09:21:00,09:26:00,09:35:00
11:15:00,11:21:00,11:26:00,11:35:00

Block: 104-----------------------
06:15:00,06:21:00,06:26:00,06:35:00
08:15:00,08:21:00,08:26:00,08:35:00
10:15:00,10:21:00,10:26:00,10:35:00
12:15:00,12:21:00,12:26:00,12:35:00

Block: 133-----------------------
13:15:00,13:21:00,13:26:00,13:35:00
15:15:00,15:21:00,15:26:00,15:35:00
17:15:00,17:21:00,17:26:00,17:35:00

Block: 134-----------------------
14:15:00,14:21:00,14:26:00,14:35:00
16:15:00,16:21:00,16:26:00,16:35:00
18:15:00,18:21:00,18:26:00,18:35:00
