downint_o,newtramp_o,mainhosp_o,melrsuns_o,collcoll_o,deerduck_o

Block: 20-----------------------
12:20:00,12:25:00,12:29:00,12:32:00,12:37:00,12:41:00
14:20:00,14:25:00,14:29:00,14:32:00,14:37:00,14:41:00
16:20:00,16:25:00,16:29:00,16:32:00,16:37:00,16:41:00
18:20:00,18:25:00,18:29:00,18:32:00,18:37:00,18:41:00

Block: 29-----------------------
11:05:00,11:10:00,11:14:00,11:17:00,11:22:00,11:26:00
13:20:00,13:25:00,13:29:00,13:32:00,13:37:00,13:41:00
15:20:00,15:25:00,15:29:00,15:32:00,15:37:00,15:41:00
17:20:00,17:25:00,17:29:00,17:32:00,17:37:00,17:41:00

Block: 40-----------------------
--,--,--,--,06:22:00,06:26:00
08:05:00,08:10:00,08:14:00,08:17:00,08:22:00,08:26:00
10:05:00,10:10:00,10:14:00,10:17:00,10:22:00,10:26:00

Block: 49-----------------------
07:05:00,07:10:00,07:14:00,07:17:00,07:22:00,07:26:00
09:05:00,09:10:00,09:14:00,09:17:00,09:22:00,09:26:00
